system,clarity_structure,completeness,technical_accuracy,depth,readability,examples,references,summary_takeaway,average_score
baseline,7.5,6.216666666666667,7.7,5.85,7.816666666666666,4.35,4.633333333333334,7.0,6.45125
proposed,9.15,9.3,9.016666666666667,8.783333333333333,8.916666666666666,7.65,8.716666666666667,8.783333333333333,8.704666666666666
