system,clarity_structure,completeness,technical_accuracy,depth,readability,examples,references,summary_takeaway,average_score
baseline,8.233333333333333,7.5,8.45,6.9,8.333333333333334,5.733333333333333,6.7,7.866666666666666,7.474583333333333
proposed,9.283333333333333,9.233333333333333,9.15,8.966666666666667,9.033333333333333,7.75,8.416666666666666,9.133333333333333,8.833416666666666
